#Vecinos,#Componentes,Promedio Precision
1,1,0.23761904761904762
1,2,0.3847619047619048
1,3,0.4478571428571428
1,4,0.5761904761904763
1,5,0.6630952380952381
1,10,0.8626190476190475
1,20,0.9230952380952381
1,30,0.9273809523809523
1,40,0.9273809523809523
1,50,0.9278571428571428
1,70,0.9252380952380953
1,90,0.9235714285714286
1,100,0.9228571428571429
