#Vecinos,#Componentes,Promedio Precision
1,1,0.23761904761904762
3,1,0.2597619047619048
5,1,0.2695238095238095
7,1,0.27499999999999997
9,1,0.27571428571428575
11,1,0.27738095238095234
13,1,0.2823809523809524
15,1,0.2821428571428571
25,1,0.28523809523809524
35,1,0.2938095238095238
45,1,0.2914285714285714
55,1,0.2947619047619047
65,1,0.29619047619047617
75,1,0.29214285714285715
85,1,0.2938095238095238
95,1,0.28714285714285714